county,gc_cpri_score
BALDWIN,0.0
CLARKE,97.19471107103504
CONECUH,100.0
ESCAMBIA,74.53647248258672
MOBILE,46.905542282746026
MONROE,89.84305003960122
WASHINGTON,55.094971990550455
TOTAL (ALL OF ALABAMA),66.34473492044654
