county,gc_cpri_score
BALDWIN,0.0
CLARKE,97.25726431949228
CONECUH,100.0
ESCAMBIA,78.47888350843958
MOBILE,57.19446203484569
MONROE,91.34385384341094
WASHINGTON,50.68244704996667
TOTAL (ALL OF ALABAMA),63.7119280135354
