county,gc_cpri_score
BALDWIN,0.0
CLARKE,95.921001146779
CONECUH,100.0
ESCAMBIA,74.53392308630247
MOBILE,46.3299710620049
MONROE,88.88381238772716
WASHINGTON,54.84508966625794
TOTAL (ALL OF ALABAMA),65.66193838376536
