,PC1,PC2,PC3,PC4,PC5,PC6
poverty_rate,0.4221738957509821,-0.5181385259219975,-0.054031828751863444,-0.27409002574637364,-0.25473618511233526,-0.640598442836317
unemployment_rate,0.3783011389332983,0.6646328561390298,-0.11787473758141355,0.3133819922426553,-0.5088425415161173,-0.21006655122555962
median_income,0.46522976967035445,-0.2595500618600928,-0.15187556216671935,-0.15321073647129935,-0.3564181714885846,0.7366283986380717
pct_less_hs,0.36520960293998156,0.2945940449201694,0.7456890813492534,-0.423806321800524,0.20657912185073285,0.038695692160638506
non_white_share,0.42673195883618575,0.21963575112554376,-0.569014710111378,-0.16930096798491528,0.64510626910382,-0.03251638993699536
rural_urban_code,0.38306721690707146,-0.29564148120547673,0.2833548569757642,0.7713094312891416,0.3005291981636664,0.018155142672821076
