,PC1,PC2,PC3,PC4
turnout_rate,0.04189681718897967,0.9130895165901305,0.3801909570814736,0.1413047329572084
poverty_rate,0.6320484874069617,-0.029277350963381465,-0.2691972151358005,0.7260787874950402
pct_less_hs,0.49083448707401045,-0.32998376825326,0.7929062213400471,-0.1466013067759614
non_white_share,0.5981980212060198,0.2377416330875759,-0.3927943732754457,-0.6567728858937496
