,PC1,PC2,PC3,PC4,PC5,PC6
poverty_rate,0.42383272011451734,-0.5153632931193664,-0.039227910205341054,-0.25831744173632565,-0.2000652590257456,-0.6681868480838087
unemployment_rate,0.37380290011360473,0.672023915418438,-0.1539505465351464,0.3342787470671561,-0.44945542676728933,-0.26683706039923805
median_income,0.4649727275774549,-0.2610261407663176,-0.14527002428952998,-0.12288329503810586,-0.4537634697608559,0.6881575007219718
pct_less_hs,0.3640095715229227,0.3544573809619913,0.6629414728618074,-0.5131916059584987,0.18791914921848027,0.06071547917805995
non_white_share,0.431247418917879,0.13975731545593995,-0.5908623607806395,-0.11505283660453106,0.655571058212951,0.048627764587206065
rural_urban_code,0.3820474778774697,-0.26358631395729093,0.406260131563409,0.7278919801162659,0.2949159303624306,0.052082094282374355
