,PC1,PC2,PC3,PC4,PC5
poverty_rate,0.44616268398947667,-0.5957899996212823,0.0676153573551818,-0.21793989186655355,-0.6276173219004594
unemployment_rate,0.4107415014995942,0.6747932042053562,-0.23133343466904577,-0.536024244847218,-0.18737236040654237
median_income,0.4960967900614731,-0.3315396121626807,-0.0739244185667751,-0.2684113835301515,0.7526353499462514
pct_less_hs,0.40024434237745077,0.26428258256228804,0.8348334863793372,0.2684978497300494,0.03035024973719974
non_white_share,0.4753132857881308,0.0996223370071575,-0.48938863474056987,0.7218340850575946,-0.06005820641968673
