,PC1,PC2,PC3,PC4,PC5,PC6,PC7
poverty_rate,0.3855315781350837,-0.4851902966673033,-0.13047594342850571,-0.30867434234860053,-0.03224410761481687,-0.5784217168052357,0.4099275446891494
unemployment_rate,0.33778137034494526,0.7560053146937741,-0.05339727469379335,0.1552526817074371,0.34604102421123106,-0.3074476966778878,0.2704377363662233
median_income,0.42088030723361786,-0.1848130982404007,-0.08637660194916032,-0.26439312515563806,0.6654352943717847,0.229904465370727,-0.46441258543972197
pct_less_hs,0.31304850924499167,-0.09809634653194749,0.912764078836427,0.2085340143418054,-0.05242997234819356,-0.08053439520495118,-0.08073628734029134
non_white_share,0.3847259980573931,0.3451751968005312,-0.031217715936305165,-0.5229313015179216,-0.5984427447865006,0.06701943556744189,-0.30948824615091775
rural_urban_code,0.3594968855630647,-0.14670307517962233,-0.3608137353324206,0.6849168909002906,-0.2517919788233775,-0.18425160647785394,-0.39063364277642826
broadband_access_rate,0.42997376854894964,-0.09273541360821597,-0.09145753588692972,0.15702962103847523,-0.11013616437609083,0.6878387311671752,0.5368871612094894
