component,explained_variance_ratio,cumulative_variance
PC1,0.7399186103619357,0.7399186103619357
PC2,0.09477196020309119,0.8346905705650269
PC3,0.08376145802108234,0.9184520285861093
PC4,0.0668125900855377,0.9852646186716469
PC5,0.013764642793931445,0.9990292614655784
PC6,0.0009707385344214864,0.9999999999999999
PC7,4.1589452653853204e-35,0.9999999999999999
