component,explained_variance_ratio,cumulative_variance
PC1,0.7059297279069502,0.7059297279069502
PC2,0.12616538063953836,0.8320951085464885
PC3,0.08606450679846368,0.9181596153449522
PC4,0.07514328864089134,0.9933029039858435
PC5,0.004827396531701826,0.9981303005175454
PC6,0.0018696994824545451,0.9999999999999999
