,PC1,PC2,PC3,PC4,PC5
poverty_rate,0.5256487950046633,-0.10220721946983186,-0.2427025231335984,0.19948815174121617,0.7839304759848601
unemployment_rate,0.33684451076726174,0.7648920387683124,0.5037075997156693,-0.20279670415246506,0.08141311545687802
median_income,0.5082683491547678,0.050103381389752566,-0.057993803212900374,0.67844911131517,-0.5248775653096244
pct_less_hs,0.3615617378653329,-0.6340216078424903,0.6424878444647815,-0.2228734508218176,-0.0694730532969208
non_white_share,0.47028237776403703,-0.0003244676201873409,-0.5207880833478866,-0.6396187945754891,-0.31385020273053776
