component,explained_variance_ratio,cumulative_variance
PC1,0.47422839903837644,0.47422839903837644
PC2,0.20359156031516584,0.6778199593535423
PC3,0.17736920302671846,0.8551891623802608
PC4,0.0916581701837593,0.9468473325640201
PC5,0.05315266743597996,1.0
