,PC1,PC2,PC3,PC4,PC5,PC6,PC7
poverty_rate,0.3845390489461746,-0.4762277093845109,0.14574871592881683,0.29467434356347677,-0.15947911878607943,-0.5992878071949238,-0.36425508441091675
unemployment_rate,0.3342817655208349,0.679260442093072,0.06456274749260685,-0.362038851725322,-0.388154981885159,-0.18612146818826222,-0.32605978538082747
median_income,0.42012694281776336,-0.22396813174355157,0.2085815869383956,0.13021772439534415,-0.3352885548206986,0.7556998215118634,-0.17137111337284044
pct_less_hs,0.32346666900804133,0.3778349932595021,-0.5154230841185796,0.6660582290593186,0.20163797943905454,0.05092390738936776,0.008024504559536634
non_white_share,0.3833557412758668,0.18238402550416327,0.6181611519962058,-0.007908841585599569,0.6464016526629632,-0.009736731940341373,0.1402097812027992
rural_urban_code,0.35555437555007063,-0.27365881717063556,-0.5189464095295023,-0.5464713307362377,0.40870001894021996,0.08615199303619073,-0.23727152198679077
broadband_access_rate,0.43112358865332,-0.10362593053607355,-0.11829261848662272,-0.1510338232007901,-0.2931808808837705,-0.15817866100424627,0.8097000931056306
