component,explained_variance_ratio,cumulative_variance
PC1,0.6419529332030878,0.6419529332030878
PC2,0.16301588082599583,0.8049688140290836
PC3,0.11488724681904028,0.9198560608481239
PC4,0.06106705168220028,0.9809231125303242
PC5,0.01907688746967588,1.0
