component,explained_variance_ratio,cumulative_variance
PC1,0.746289627791328,0.746289627791328
PC2,0.1075656221460229,0.853855249937351
PC3,0.07283898683680289,0.9266942367741539
PC4,0.06737516023109397,0.9940693970052479
PC5,0.0042227232046751426,0.998292120209923
PC6,0.0016615875417401393,0.9999537077516631
PC7,4.62922483370477e-05,1.0000000000000002
