component,explained_variance_ratio,cumulative_variance
PC1,0.7100887453498069,0.7100887453498069
PC2,0.12392193541000358,0.8340106807598106
PC3,0.083904250307252,0.9179149310670626
PC4,0.0758303535056886,0.9937452845727511
PC5,0.004391222337356775,0.9981365069101079
PC6,0.0018634930898920516,1.0
