component,explained_variance_ratio,cumulative_variance
PC1,0.7484215693423075,0.7484215693423075
PC2,0.09614201284773971,0.8445635821900472
PC3,0.07856543635759158,0.9231290185476388
PC4,0.07142116774649629,0.9945501862941352
PC5,0.002662953866667225,0.9972131401608024
PC6,0.0022186893974362938,0.9994318295582387
PC7,0.0005681704417613313,1.0
