county,registered_voters,total_ballots_cast,turnout_rate,absentee_rate,population_2023,poverty_rate,pct_less_hs,pct_bachelors,unemployment_rate,median_income,white_share,non_white_share,rural_urban_code,gc_cpri_score_raw,gc_cpri_score
BALDWIN,207643,122542,0.5902000000000001,0.0634,253507.0,10.0,8.268600135,32.79763704,2.3,71704.0,0.9221639007028514,0.0778360992971485,3.0,-4.420169788994514,0.0
CLARKE,19143,11993,0.6265,0.0604,22337.0,19.0,14.73130402,15.42653138,5.0,44906.0,0.5944050104384133,0.4055949895615866,9.0,2.065602325165718,97.19471107103503
CONECUH,9820,6105,0.6217,0.0785,11174.0,26.5,12.51384275,13.12907592,3.5,36106.0,0.5947406340057637,0.4052593659942363,9.0,2.252798361937163,100.0
ESCAMBIA,28268,15009,0.531,0.0476999999999999,36558.0,21.3,17.46735166,12.49068591,3.1,47792.0,0.7488837054315228,0.2511162945684771,6.0,0.5536252805964509,74.53647248258672
MOBILE,322535,176019,0.5457,0.0489,411640.0,16.3,10.99169307,25.15022409,3.1,54315.0,0.6515196172899685,0.3484803827100314,2.0,-1.2901778914450803,46.905542282746026
MONROE,16351,9860,0.603,0.0781,19229.0,19.1,16.38531023,11.357915,4.3,47498.0,0.6233106391626867,0.3766893608373133,8.0,1.5750283259736853,89.84305003960122
WASHINGTON,13788,8489,0.6157,0.0527,15022.0,18.7,11.31495623,16.20413485,2.6,53785.0,0.7567056599314664,0.2432943400685336,8.0,-0.7436998553003539,55.094971990550455
TOTAL (ALL OF ALABAMA),3861929,2272911,0.5885,0.0555,,,,,,,0.7449416424722226,0.2550583575277773,,0.006993242066930962,66.34473492044654
