component,explained_variance_ratio,cumulative_variance
PC1,0.7360791899899699,0.7360791899899699
PC2,0.14480928173733146,0.8808884717273013
PC3,0.10169169098561244,0.9825801627129138
PC4,0.015166457197832998,0.9977466199107469
PC5,0.002253380089253208,1.0
