county,registered_voters,total_ballots_cast,turnout_rate,absentee_rate,population_2023,poverty_rate,pct_less_hs,pct_bachelors,unemployment_rate,median_income,non_white_share,rural_urban_code,broadband_access_rate,gc_cpri_score_raw,gc_cpri_score
BALDWIN,207643,122542,0.5902000000000001,0.0634,253507.0,10.0,8.268600135,32.79763704,2.3,71704.0,0.082985051686042,3.0,0.91,-4.835057570181867,0.0
CLARKE,19143,11993,0.6265,0.0604,22337.0,19.0,14.73130402,15.42653138,5.0,44906.0,0.4133496512880824,9.0,0.74,2.287145517108771,95.48309280091948
CONECUH,9820,6105,0.6217,0.0785,11174.0,26.5,12.51384275,13.12907592,3.5,36106.0,0.4318291925434485,9.0,0.73,2.6240672637196725,100.0
ESCAMBIA,28268,15009,0.531,0.0476999999999999,36558.0,21.3,17.46735166,12.49068591,3.1,47792.0,0.2715977512446346,6.0,0.79,0.6028314776691079,72.90250758555351
MOBILE,322535,176019,0.5457,0.0489,411640.0,16.3,10.99169307,25.15022409,3.1,54315.0,0.3559145988943914,2.0,0.86,-1.6596337648555723,42.57099694717632
MONROE,16351,9860,0.603,0.0781,19229.0,19.1,16.38531023,11.357915,4.3,47498.0,0.3872598585725891,8.0,0.77,1.6266456830110603,86.62816881445185
WASHINGTON,13788,8489,0.6157,0.0527,15022.0,18.7,11.31495623,16.20413485,2.6,53785.0,0.2556308004861112,8.0,0.81,-0.7262675307394022,55.08407663011772
TOTAL (ALL OF ALABAMA),3861929,2272911,0.5885,0.0555,,,,,,,0.2628618505687988,,,0.08026892426822956,65.89682575240005
