,PC1,PC2,PC3
turnout_rate,0.16337357353710952,0.9770940824694974,-0.13636799284584944
poverty_rate,0.6896808605791639,-0.2119516778425442,-0.6923993044555394
pct_less_hs,0.7054426879772014,-0.019069354022131862,0.7085103906906939
