component,explained_variance_ratio,cumulative_variance
PC1,0.5233313100601282,0.5233313100601282
PC2,0.3316904016130823,0.8550217116732105
PC3,0.1449782883267894,0.9999999999999999
