,PC1,PC2,PC3,PC4,PC5
turnout_rate,-0.19012357400803478,0.887858379395611,-0.2762504017475126,-0.30395076678503075,-0.08282615316759263
poverty_rate,0.5024969097655158,0.3187461796766804,-0.12722874417798727,0.7767045668702903,-0.1626056305155382
pct_less_hs,0.5353977435135335,0.2158546909324553,0.37108010334991026,-0.22969556476628955,0.6901416615938979
pct_bachelors,0.5666461038735928,-0.04819351879888442,0.15960660361342127,-0.4595353470006714,-0.6632816706728897
age_18_29_share,-0.32188714091745296,0.24737119522441947,0.8627420536695999,0.20102527094197598,-0.22463559281177306
