county,registered_voters,total_ballots_cast,turnout_rate,absentee_rate,population_2023,poverty_rate,pct_less_hs,pct_bachelors,unemployment_rate,median_income,non_white_share,rural_urban_code,broadband_households,gc_cpri_score_raw,gc_cpri_score
BALDWIN,207643,122542,0.5902000000000001,0.0634,253507.0,10.0,8.268600135,32.79763704,2.3,71704.0,0.082985051686042,3.0,"89,266",-4.429543309925772,0.0
CLARKE,19143,11993,0.6265,0.0604,22337.0,19.0,14.73130402,15.42653138,5.0,44906.0,0.4133496512880824,9.0,"6,206",2.030446386396235,95.92100114677898
CONECUH,9820,6105,0.6217,0.0785,11174.0,26.5,12.51384275,13.12907592,3.5,36106.0,0.4318291925434485,9.0,"3,211",2.3051546384795887,100.0
ESCAMBIA,28268,15009,0.531,0.0476999999999999,36558.0,21.3,17.46735166,12.49068591,3.1,47792.0,0.2715977512446346,6.0,"10,114",0.5900912790334691,74.53392308630247
MOBILE,322535,176019,0.5457,0.0489,411640.0,16.3,10.99169307,25.15022409,3.1,54315.0,0.3559145988943914,2.0,"139,490",-1.3093596993161305,46.3299710620049
MONROE,16351,9860,0.603,0.0781,19229.0,19.1,16.38531023,11.357915,4.3,47498.0,0.3872598585725891,8.0,"5,665",1.5565129794149588,88.88381238772716
WASHINGTON,13788,8489,0.6157,0.0527,15022.0,18.7,11.31495623,16.20413485,2.6,53785.0,0.2556308004861112,8.0,"4,839",-0.7358921813712176,54.84508966625795
TOTAL (ALL OF ALABAMA),3861929,2272911,0.5885,0.0555,,,,,,,0.2628618505687988,,,-0.007410092711133882,65.66193838376537
