county,registered_voters,total_ballots_cast,turnout_rate,absentee_rate,population_2023,poverty_rate,pct_less_hs,pct_bachelors,unemployment_rate,median_income,white_share,non_white_share
BALDWIN,207643,122542,0.5902000000000001,0.0634,253507.0,10.0,8.268600135,32.79763704,2.3,71704.0,0.9221639007028514,0.07783609929714859
CLARKE,19143,11993,0.6265,0.0604,22337.0,19.0,14.73130402,15.42653138,5.0,44906.0,0.5944050104384133,0.4055949895615866
CONECUH,9820,6105,0.6217,0.0785,11174.0,26.5,12.51384275,13.12907592,3.5,36106.0,0.5947406340057637,0.4052593659942363
ESCAMBIA,28268,15009,0.531,0.04769999999999999,36558.0,21.3,17.46735166,12.49068591,3.1,47792.0,0.7488837054315228,0.25111629456847717
MOBILE,322535,176019,0.5457,0.0489,411640.0,16.3,10.99169307,25.15022409,3.1,54315.0,0.6515196172899685,0.3484803827100314
MONROE,16351,9860,0.603,0.0781,19229.0,19.1,16.38531023,11.357915,4.3,47498.0,0.6233106391626867,0.3766893608373133
WASHINGTON,13788,8489,0.6157,0.0527,15022.0,18.7,11.31495623,16.20413485,2.6,53785.0,0.7567056599314664,0.24329434006853362
TOTAL (ALL OF ALABAMA),3861929,2272911,0.5885,0.0555,,,,,,,0.7449416424722226,0.25505835752777734
