county,gc_cpri_score
BALDWIN,0.0
CLARKE,94.68047118004978
CONECUH,100.0
ESCAMBIA,73.33597475406769
MOBILE,46.4134015726918
MONROE,95.29492489140569
WASHINGTON,62.82848144266653
