county,gc_cpri_score
BALDWIN,0.0
CLARKE,95.48309280091948
CONECUH,100.0
ESCAMBIA,72.90250758555351
MOBILE,42.57099694717632
MONROE,86.62816881445185
WASHINGTON,55.08407663011772
TOTAL (ALL OF ALABAMA),65.89682575240005
